{
    "Fasanenkrug": [
        52.431568850000005,
        9.801229584787484
    ],
    "Stadtfriedhof Bothfeld": [
        52.424215000000004,
        9.803055308542241
    ],
    "Kurze-Kamp-Strasse": [
        52.4200964,
        9.8011868
    ],
    "Bothfeld": [
        52.4227642,
        9.8082569
    ],
    "Bothfelder Kirchweg": [
        52.4138755,
        9.8003647
    ],
    "Noltemeyerbruecke": [
        52.4053885,
        9.7983395
    ],
    "Klingerstrasse": [
        52.3956805,
        9.792897
    ],
    "Spannhagengarten": [
        52.40051905,
        9.780136940003466
    ],
    "Pelikanstrasse": [
        52.4004825,
        9.7715301
    ],
    "Vier Grenzen": [
        52.3950257,
        9.7626636
    ],
    "Lortzingstrasse": [
        52.3928015,
        9.7582229
    ],
    "Lister Platz": [
        52.38869055,
        9.749991483825195
    ],
    "Sedanstrasse, Lister Meile": [
        52.3839013,
        9.7463438
    ],
    "Hauptbahnhof": [
        52.3782891,
        9.743021454302447
    ],
    "Kroepcke": [
        52.3745253,
        9.7384438
    ],
    "Waterloo": [
        52.3680647,
        9.729681
    ],
    "Allerweg": [
        52.3615825,
        9.7213219
    ],
    "Stadionbruecke": [
        52.3590002,
        9.7280293
    ],
    "Bahnhof Linden, Fischerhof": [
        52.3537032,
        9.7176937
    ],
    "Schuenemannplatz": [
        52.3466478,
        9.722958325269811
    ],
    "Beekestrasse": [
        52.3425363,
        9.7270525
    ],
    "Wallensteinstrasse": [
        52.3417775,
        9.7169444
    ],
    "Unter den Birken": [
        52.3372587,
        9.7169071
    ],
    "Stadtfriedhof Ricklingen": [
        52.33243745,
        9.710121843782566
    ],
    "Hemmingen, Saarstrasse": [
        52.3299815,
        9.7203331
    ],
    "Hemmingen, Zentrum": [
        52.32510055531262, 9.72383235038839
    ],
    "Hemmingen, Berliner Strasse": [
        52.3277068,
        9.7367697
    ],
    "Hemmingen": [
        52.3212183,
        9.7454815
    ],
    "Stoecken": [
        52.411446,
        9.6615601
    ],
    "Stoeckener Markt": [
        52.4100088,
        9.664158402029669
    ],
    "Freudenthalstrasse": [
        52.405774,
        9.660954
    ],
    "Stadtfriedhof Stoecken": [
        52.40486485,
        9.66693814425806
    ],
    "Bahnhof Leinhausen": [
        52.3965225,
        9.6772218
    ],
    "Herrenhaeuser Markt": [
        52.394030099999995,
        9.68486162037495
    ],
    "Schaumburgstrasse": [
        52.3941905,
        9.6933236
    ],
    "Herrenhaeuser Gaerten": [
        52.391088,
        9.6958797
    ],
    "Appelstrasse": [
        52.3890493,
        9.7140964
    ],
    "Schneiderbg., W.-Busch-Mus.": [
        52.38512501169183, 9.712724606461846
    ],
    "Leibniz Universitaet": [
        52.38136905,
        9.717785546547201
    ],
    "Koenigsworther Platz": [
        52.3784169,
        9.7224956
    ],
    "Steintor": [
        52.3758731,
        9.7325746
    ],
    "Aegidientorplatz": [
        52.3682101,
        9.7433385
    ],
    "Marienstrasse": [
        52.3700808,
        9.7546142
    ],
    "Braunschweiger Platz": [
        52.3704618,
        9.7620184
    ],
    "Clausewitzstrasse": [
        52.3758938,
        9.773923
    ],
    "Kantplatz": [
        52.3721977,
        9.7856755
    ],
    "Uhlhornstrasse": [
        52.3716489,
        9.792297
    ],
    "Nackenberg": [
        52.3708434,
        9.8052493
    ],
    "Annastift": [
        52.37063895,
        9.809659499527697
    ],
    "Bleekstrasse": [
        52.3635596,
        9.8090214
    ],
    "Saarbrueckener Strasse": [
        52.3611652,
        9.8186089
    ],
    "Grosser Hillen": [
        52.360129,
        9.8236408
    ],
    "Tiergarten": [
        52.36635195,
        9.8361197642411
    ],
    "Ostfeldstrasse": [
        52.3591279,
        9.8364224
    ],
    "Koenigsberger Ring": [
        52.3579551,
        9.8524444
    ],
    "Anderten": [
        52.364163,
        9.854864
    ],
    "Humboldtstrasse": [
        52.3714765,
        9.7234714
    ],
    "Glocksee": [
        52.373528300000004,
        9.71993973131888
    ],
    "Am Kuechengarten": [
        52.3707036,
        9.714189499737564
    ],
    "Leinaustrasse": [
        52.3768985,
        9.7101044
    ],
    "Freizeitheim Linden": [
        52.37493035,
        9.699735903705864
    ],
    "Wunstorfer Strasse": [
        52.3810265,
        9.68057
    ],
    "Harenberger Strasse": [
        52.3770826,
        9.6869969
    ],
    "Brunnenstrasse": [
        52.3778816,
        9.6839382
    ],
    "Ehrhartstrasse": [
        52.376286,
        9.6730904
    ],
    "Ahlem": [
        52.3850135,
        9.6653858
    ],
    "Hauptbahnhof, ZOB": [
        52.37920136893073, 9.744159211462462
    ],
    "Hauptbahnhof, Rosenstrasse": [
        52.376975200000004,
        9.738075541796972
    ],
    "Goetheplatz": [
        52.3726633,
        9.723489454738562
    ],
    "Schwarzer Baer": [
        52.3679356,
        9.7198932
    ],
    "Langenhagen": [
        52.443118,
        9.738994
    ],
    "Langenhagen, Kurt-Schumacher-Allee": [
        52.4298724,
        9.7491311
    ],
    "Langenhagen, Zentrum": [
        52.436996374168515, 9.754073886824957
    ],
    "Langenhagen, Langenforther Platz": [
        52.43792461671218, 9.73433284453084
    ],
    "Langenhagen, Angerstrasse": [
        52.43379291850526, 9.731393113433127
    ],
    "Berliner Platz": [
        52.4280805,
        9.7320634
    ],
    "Wiesenau": [
        52.4235112,
        9.731948
    ],
    "Alter Flughafen": [
        52.4159283,
        9.7344976
    ],
    "Kabelkamp": [
        52.4123867,
        9.7332779
    ],
    "Windausstrasse": [
        52.4062655,
        9.7365748
    ],
    "Buettnerstrasse": [
        52.4113115,
        9.7296988
    ],
    "Niedersachsenring": [
        52.3993207,
        9.7360447
    ],
    "Dragonerstrasse": [
        52.3948395,
        9.7347191
    ],
    "Vahrenwalder Platz": [
        52.3915007,
        9.7351459
    ],
    "Werderstrasse": [
        52.3877637,
        9.7352728
    ],
    "Schlaegerstrasse": [
        52.3642957,
        9.7473133
    ],
    "Geibelstrasse": [
        52.3574217,
        9.7479511
    ],
    "Altenbekener Damm": [
        52.354706,
        9.7488507
    ],
    "Doehrener Turm": [
        52.3469501,
        9.760631995021377
    ],
    "Fiedelerstrasse": [
        52.3378381,
        9.7632757
    ],
    "Peiner Strasse": [
        52.3401159,
        9.7808647
    ],
    "Bothmerstrasse": [
        52.3324494,
        9.7712801
    ],
    "Wiehbergstrasse": [
        52.3312928,
        9.7702426
    ],
    "Am Brabrinke": [
        52.3232133,
        9.7833584
    ],
    "Laatzen, Birkenstrasse": [
        52.31924978579889, 9.787050540017546
    ],
    "Laatzen, Eichstrasse": [
        52.31526310128087, 9.791741536312518
    ],
    "Laatzen, Park der Sinne": [
        52.3109515236595, 9.803195009884789
    ],
    "Laatzen": [
        52.3077423,
        9.8132829
    ],
    "Laatzen, Rethener Winkel": [
        52.29736528088307, 9.817563409328011
    ],
    "Rethen, Pattenser Strasse": [
        52.290483699999996,
        9.817560164838039
    ],
    "Rethen, Bahnhof": [
        52.28560635,
        9.81989975
    ],
    "Rethen, Galgenbergweg": [
        52.282752415670224, 9.82932861065508
    ],
    "Gleidingen": [
        52.2746747,
        9.8397516
    ],
    "Gleidingen, Thorstrasse": [
        52.27405997401001, 9.839882954835051
    ],
    "Gleidingen, Am Leinkamp": [
        52.27016405597282, 9.841486715436137
    ],
    "Heisede, Marienburger Strasse": [
        52.260084275389424, 9.850262440014925
    ],
    "Heisede, Langer Kamp": [
        52.257963956449295, 9.855855860916403
    ],
    "Sarstedt, Am Boksberg": [
        52.2478823,
        9.8568472
    ],